{
  "model_version": "apfsc-hw-oracle-v1",
  "traces_count": 3,
  "wall_coef": [
    14.666666666666666,
    1.1355599214145382,
    0.20873269435569755,
    0.3897058823529412,
    0.057291666666666664
  ],
  "rss_coef": [
    113595733.33333333,
    8745000.235756384,
    1609435.7401490947,
    2968395.294117647,
    443733.3333333333
  ]
}